trial	index_traj	path	mean_side	mean_val	sd	last_visibl_side	f_missing_pos	last_visibl_center_dist[deg]	response	RT	fix_start_time	dot_mvt_start_time	last_dot_time	button_pressed_time	line_cross_time	early_response (t/f)	rest_time	end_time	start_exp_time	time_from_start [ces]
0	95	iid	left	-1.969	6.295	right	40	10.722	1	559	0	302	1245	1804	1589	0	333	2806	67417.0	71.574
1	15	iid	left	-2.085	3.039	left	9	-3.017	-1	252	0	303	1509	1761	1594	0	75	2764		74.394
2	30	iid	left	-1.432	5.195	left	27	-7.161	-1	496	0	303	1357	1853	1593	0	225	2855		77.163
3	158	iid	right	1.147	2.092	right	4	3.873	1	255	0	303	1557	1812	1600	0	33	2814		80.026
4	128	iid	right	0.87	4.088	left	17	-2.599	1	831	0	303	1436	2267	1590	0	142	3270		82.848
5	115	iid	right	2.055	3.917	left	16	-5.82	-1	347	0	303	1460	1807	1602	0	133	2809		86.127
6	69	iid	left	-2.377	3.329	right	11	2.683	-1	602	0	304	1488	2090	1590	0	92	3093		88.945
7	170	iid	right	2.263	4.205	right	18	3.056	1	594	0	304	1418	2012	1579	0	150	3015		92.045
8	174	iid	right	1.157	4.176	right	17	2.95	1	754	0	303	1442	2196	1595	0	142	3198		95.068
9	45	iid	left	-0.81	6.405	left	41	-10.068	-1	1380	0	302	1216	2596	1569	0	342	3598		98.273
10	66	iid	left	-2.091	3.596	right	13	5.348	1	611	0	302	1471	2082	1590	0	108	3084		101.878
11	182	iid	right	2.179	5.057	right	26	5.865	1	418	0	303	1362	1780	1590	0	217	2782		104.971
12	165	iid	right	2.085	3.039	right	9	3.017	1	53	0	303	1504	1557	1579	1	75	2559		107.762
13	78	iid	left	-0.87	4.088	right	17	2.599	-1	546	0	302	1433	1979	1584	0	142	2981		110.328
14	186	iid	right	1.917	5.864	right	35	11.991	1	2504	0	303	1271	3775	1573	0	292	4778		113.319
15	177	iid	right	2.389	4.145	right	17	3.429	1	473	0	303	1425	1898	1578	0	142	2900		118.109
16	56	iid	left	-0.974	2.955	right	9	5.179	-1	918	0	303	1471	2389	1559	0	75	3391		121.019
17	152	iid	right	2.413	2.537	right	6	6.728	1	1090	0	303	1501	2591	1564	0	50	3594		124.421
18	82	iid	left	-0.915	5.411	right	29	4.576	1	856	0	304	1322	2178	1575	0	242	3180		128.026
19	68	iid	left	-1.071	3.23	right	10	4.659	-1	142	1	304	1466	1608	1560	0	83	2611		131.216
20	124	iid	right	1.906	4.326	left	19	-4.242	1	538	0	303	1397	1935	1566	0	158	2937		133.835
21	16	iid	left	-1.331	3.134	left	10	-7.001	-1	575	0	304	1476	2051	1570	0	83	3052		136.782
22	148	iid	right	0.971	6.212	left	39	-8.275	1	1183	1	305	1225	2408	1561	0	325	3409		139.845
23	93	iid	left	-1.486	6.421	right	41	8.888	-1	997	0	304	1214	2211	1569	0	342	3213		143.264
24	65	iid	left	-2.055	3.917	right	16	5.82	-1	3769	0	303	1420	5189	1564	0	133	6192		146.488
25	60	iid	left	-0.889	3.379	right	11	3.456	-1	1566	0	303	1459	3025	1564	0	92	4027		152.693
26	84	iid	left	-1.581	5.468	right	30	3.437	-1	562	0	303	1303	1865	1565	0	250	2867		156.733
27	67	iid	left	-1.011	3.712	right	14	2.576	1	974	0	303	1432	2406	1559	0	117	3409		159.612
28	125	iid	right	1.007	4.726	left	22	-7.396	1	817	0	303	1369	2186	1563	0	183	3188		163.032
29	132	iid	right	0.915	5.411	left	29	-4.576	-1	2221	0	303	1314	3535	1566	0	242	4537		166.232
30	9	iid	left	-1.71	2.788	left	8	-5.391	-1	2508	1	304	1494	4002	1571	0	67	5004		170.78
31	18	iid	left	-1.853	3.209	left	10	-4.809	-1	561	0	303	1486	2047	1580	0	83	3051		175.792
32	55	iid	left	-1.076	2.085	right	4	4.474	-1	1286	0	304	1536	2822	1579	0	33	3825		178.854
33	75	iid	left	-1.007	4.726	right	22	7.396	-1	645	0	302	1394	2039	1590	0	183	3041		182.685
34	150	iid	right	1.672	2.125	right	5	3.182	1	296	0	303	1523	1819	1575	0	42	2821		185.736
35	104	iid	right	1.113	2.948	left	9	-2.555	1	517	0	303	1503	2020	1589	0	75	3022		188.566
36	135	iid	right	1.907	4.917	left	24	-2.755	1	469	0	303	1370	1839	1582	0	200	2841		191.597
37	137	iid	right	1.078	5.502	left	30	-5.305	1	500	0	303	1319	1819	1580	0	250	2821		194.448
38	164	iid	right	2.465	3.163	right	10	5.991	1	300	0	303	1484	1784	1577	0	83	2786		197.278
39	76	iid	left	-1.794	4.732	right	22	6.096	1	873	0	302	1373	2246	1569	0	183	3248		200.074
40	79	iid	left	-2.149	4.637	right	22	6.019	-1	1554	0	303	1369	2923	1563	0	183	3925		203.331
41	197	iid	right	2.158	6.978	right	49	5.806	1	1117	0	302	1141	2258	1559	0	408	3260		207.266
42	38	iid	left	-2.822	5.379	left	29	-8.417	-1	587	0	303	1338	1925	1591	0	242	2927		210.536
43	24	iid	left	-1.157	4.176	left	17	-2.95	-1	656	0	303	1432	2088	1586	0	142	3090		213.471
44	122	iid	right	1.283	4.911	left	24	-3.587	1	1091	0	301	1372	2463	1583	0	200	3465		216.567
45	195	iid	right	0.81	6.405	right	41	10.068	1	2613	0	302	1213	3826	1564	0	342	4827		220.038
46	29	iid	left	-1.621	4.376	left	19	-14.001	-1	725	0	303	1414	2139	1583	0	158	3141		224.873
47	19	iid	left	-1.394	3.481	left	12	-5.649	1	532	0	303	1483	2015	1593	0	100	3018		228.02
48	143	iid	right	1.486	6.421	left	41	-8.888	1	877	0	303	1230	2107	1582	0	342	3109		231.045
49	86	iid	left	-1.405	5.417	right	29	4.991	1	2263	0	303	1340	3603	1591	0	242	4605		234.162
50	95	rdw	left	-1.969	6.295	right	40	10.722	1	3212	0	301	1241	4453	1586	0	333	5455		238.777
51	15	rdw	left	-2.085	3.039	left	9	-3.017	-1	394	0	303	1502	1896	1587	0	75	2899		246.449
52	30	rdw	left	-1.432	5.195	left	27	-7.161	-1	453	0	304	1350	1803	1585	0	225	2805		249.355
53	158	rdw	right	1.147	2.092	right	4	3.873	1	405	0	304	1529	1934	1573	0	33	2935		252.169
54	128	rdw	right	0.87	4.088	left	17	-2.599	-1	631	0	304	1416	2047	1570	0	142	3049		255.115
55	115	rdw	right	2.055	3.917	left	16	-5.82	-1	424	0	304	1421	1845	1566	0	133	2847		258.176
56	69	rdw	left	-2.377	3.329	right	11	2.683	1	807	0	304	1469	2276	1571	0	92	3277		261.036
57	170	rdw	right	2.263	4.205	right	18	3.056	1	611	0	303	1400	2011	1563	0	150	3012		264.325
58	174	rdw	right	1.157	4.176	right	17	2.95	1	324	0	304	1421	1745	1574	0	142	2747		267.347
59	45	rdw	left	-0.81	6.405	left	41	-10.068	-1	620	0	303	1211	1830	1565	0	342	2832		270.107
60	66	rdw	left	-2.091	3.596	right	13	5.348	1	408	0	303	1456	1864	1574	0	108	2866		272.95
61	182	rdw	right	2.179	5.057	right	26	5.865	-1	788	0	303	1336	2124	1563	0	217	3126		275.827
62	165	rdw	right	2.085	3.039	right	9	3.017	1	433	0	304	1481	1914	1569	0	75	2916		278.964
63	78	rdw	left	-0.87	4.088	right	17	2.599	1	2779	0	303	1416	4195	1569	0	142	5197		281.891
64	186	rdw	right	1.917	5.864	right	35	11.991	1	658	0	304	1260	1918	1563	0	292	2921		287.1
65	177	rdw	right	2.389	4.145	right	17	3.429	1	303	0	305	1418	1721	1571	0	142	2723		290.03
66	56	rdw	left	-0.974	2.955	right	9	5.179	1	646	0	302	1473	2119	1559	0	75	3121		292.763
67	152	rdw	right	2.413	2.537	right	6	6.728	1	82	0	302	1529	1611	1591	0	50	2613		295.892
68	82	rdw	left	-0.915	5.411	right	29	4.576	1	2445	0	303	1312	3757	1568	0	242	4760		298.518
69	68	rdw	left	-1.071	3.23	right	10	4.659	1	271	0	303	1486	1757	1580	0	83	2759		303.289
70	124	rdw	right	1.906	4.326	left	19	-4.242	-1	834	0	303	1400	2234	1569	0	158	3236		306.059
71	16	rdw	left	-1.331	3.134	left	10	-7.001	-1	623	0	303	1485	2108	1579	0	83	3110		309.303
72	148	rdw	right	0.971	6.212	left	39	-8.275	-1	744	0	303	1236	1980	1572	0	325	2982		312.426
73	93	rdw	left	-1.486	6.421	right	41	8.888	-1	3310	0	303	1226	4536	1578	0	342	5538		315.422
74	65	rdw	left	-2.055	3.917	right	16	5.82	1	667	0	305	1430	2097	1574	0	133	3099		320.973
75	60	rdw	left	-0.889	3.379	right	11	3.456	1	421	0	303	1463	1884	1566	0	92	2886		324.085
76	84	rdw	left	-1.581	5.468	right	30	3.437	1	790	0	303	1316	2106	1577	0	250	3108		326.982
77	67	rdw	left	-1.011	3.712	right	14	2.576	1	999	0	303	1454	2453	1581	0	117	3455		330.102
78	125	rdw	right	1.007	4.726	left	22	-7.396	-1	513	0	302	1379	1892	1572	0	183	2894		333.568
79	132	rdw	right	0.915	5.411	left	29	-4.576	-1	679	0	304	1326	2005	1578	0	242	3007		336.475
80	9	rdw	left	-1.71	2.788	left	8	-5.391	-1	1762	0	304	1485	3247	1564	0	67	4249		339.493
81	18	rdw	left	-1.853	3.209	left	10	-4.809	-1	1696	1	304	1495	3191	1591	0	83	4193		343.75
82	55	rdw	left	-1.076	2.085	right	4	4.474	1	803	0	304	1525	2328	1568	0	33	3329		347.954
83	75	rdw	left	-1.007	4.726	right	22	7.396	1	1741	0	303	1386	3127	1581	0	183	4128		351.297
84	150	rdw	right	1.672	2.125	right	5	3.182	1	513	0	303	1537	2050	1591	0	42	3051		355.439
85	104	rdw	right	1.113	2.948	left	9	-2.555	-1	692	0	303	1488	2180	1575	0	75	3182		358.503
86	135	rdw	right	1.907	4.917	left	24	-2.755	1	688	0	303	1364	2052	1577	0	200	3054		361.698
87	137	rdw	right	1.078	5.502	left	30	-5.305	-1	712	0	304	1313	2025	1572	0	250	3028		364.763
88	164	rdw	right	2.465	3.163	right	10	5.991	1	504	0	304	1487	1991	1580	0	83	2994		367.803
89	76	rdw	left	-1.794	4.732	right	22	6.096	1	878	0	303	1381	2259	1577	0	183	3261		370.809
90	79	rdw	left	-2.149	4.637	right	22	6.019	1	667	0	303	1369	2036	1564	0	183	3038		374.082
91	197	rdw	right	2.158	6.978	right	49	5.806	1	1153	0	303	1150	2303	1570	0	408	3306		377.132
92	38	rdw	left	-2.822	5.379	left	29	-8.417	-1	492	0	304	1313	1805	1565	0	242	2807		380.451
93	24	rdw	left	-1.157	4.176	left	17	-2.95	-1	419	1	303	1419	1838	1573	0	142	2840		383.271
94	122	rdw	right	1.283	4.911	left	24	-3.587	-1	838	0	303	1350	2188	1561	0	200	3190		386.124
95	195	rdw	right	0.81	6.405	right	41	10.068	1	2123	0	303	1230	3353	1583	0	342	4355		389.325
96	29	rdw	left	-1.621	4.376	left	19	-14.001	-1	672	0	303	1401	2073	1570	0	158	3075		393.693
97	19	rdw	left	-1.394	3.481	left	12	-5.649	-1	577	0	303	1480	2057	1592	0	100	3059		396.781
98	143	rdw	right	1.486	6.421	left	41	-8.888	-1	1882	1	304	1215	3097	1569	0	342	4099		399.853
99	86	rdw	left	-1.405	5.417	right	29	4.991	1	634	0	304	1317	1951	1571	0	242	2953		403.963
100	114	iid	right	1.583	3.228	left	10	-4.674	1	1374	0	302	1494	2868	1588	0	83	3870		406.93
101	173	iid	right	2.217	4.012	right	16	3.328	1	1004	0	303	1438	2442	1583	0	133	3444		412.323
102	5	iid	left	-2.123	2.129	left	5	-3.169	-1	368	0	303	1552	1920	1606	0	42	2921		415.781
103	126	iid	right	1.794	4.732	left	22	-6.096	-1	674	0	304	1385	2059	1580	0	183	3061		418.716
104	117	iid	right	1.011	3.712	left	14	-2.576	1	1016	0	303	1438	2454	1563	0	117	3456		421.79
105	73	iid	left	-2.056	4.699	right	22	3.118	-1	703	0	303	1389	2092	1584	0	183	3093		425.259
106	140	iid	right	2.17	6.546	left	43	-2.644	1	758	0	304	1198	1956	1567	0	358	2958		428.367
107	98	iid	left	-0.971	6.212	right	39	8.275	-1	2222	0	303	1240	3462	1577	0	325	4464		431.338
108	172	iid	right	1.158	4.684	right	22	3.138	-1	712	0	303	1393	2105	1587	0	183	3107		435.816
109	96	iid	left	-1.995	6.028	right	36	3.041	-1	704	0	304	1267	1971	1578	0	300	2974		438.936
110	169	iid	right	1.394	3.481	right	12	5.649	1	517	0	303	1471	1988	1581	0	100	2990		441.923
111	97	iid	left	-1.346	6.31	right	40	3.058	1	2680	0	305	1250	3930	1594	0	333	4933		444.927
112	31	iid	left	-2.689	5.667	left	33	-13.897	-1	971	1	304	1290	2261	1577	0	275	3264		449.874
113	12	iid	left	-1.311	3.437	left	12	-3.281	1	1072	0	304	1468	2540	1578	0	100	3542		453.151
114	35	iid	left	-2.32	5.071	left	26	-7.877	-1	565	0	303	1349	1914	1577	0	217	2916		456.704
115	119	iid	right	2.377	3.329	left	11	-2.683	1	69	0	304	1476	1545	1568	1	92	2546		459.634
116	42	iid	left	-1.954	6.647	left	44	-13.663	-1	849	0	304	1198	2047	1575	0	367	3049		462.193
117	189	iid	right	2.719	5.571	right	31	10.583	1	33	0	303	1309	1341	1567	1	258	2345		465.257
118	90	iid	left	-2.17	6.546	right	43	2.644	-1	188	0	304	1206	1394	1564	1	358	2395		467.615
119	136	iid	right	1.405	5.417	left	29	-4.991	1	438	0	304	1325	1763	1579	0	242	2765		470.024
120	51	iid	left	-0.806	2.319	right	5	3.749	-1	3956	0	304	1549	5505	1602	0	42	6507		472.803
121	127	iid	right	1.239	4.403	left	19	-7.711	-1	1284	0	302	1409	2693	1578	0	158	3695		479.322
122	162	iid	right	1.311	3.437	right	12	3.281	1	549	0	304	1477	2026	1586	0	100	3028		483.032
123	41	iid	left	-2.078	6.196	left	38	-11.804	1	1337	0	304	1255	2592	1583	0	317	3594		486.074
124	118	iid	right	1.071	3.23	left	10	-4.659	1	485	0	303	1483	1968	1576	0	83	2969		489.681
125	113	iid	right	1.892	3.745	left	14	-4.613	1	716	0	304	1438	2154	1567	0	117	3156		492.664
126	26	iid	left	-1.929	4.66	left	22	-8.105	-1	1854	0	303	1386	3240	1580	0	183	4243		495.834
127	139	iid	right	0.999	5.404	left	30	-9.09	-1	2092	0	303	1324	3416	1586	0	250	4418		500.091
128	100	iid	right	2.251	2.722	left	8	-3.383	1	407	0	304	1493	1900	1572	0	67	2902		504.523
129	111	iid	right	0.973	3.878	left	15	-2.704	1	839	0	304	1438	2277	1574	0	125	3279		507.44
130	2	iid	left	-2.413	2.537	left	6	-6.728	-1	294	0	303	1523	1817	1584	0	50	2819		510.733
131	77	iid	left	-1.239	4.403	right	19	7.711	-1	1153	0	304	1415	2568	1585	0	158	3570		513.566
132	46	iid	left	-1.185	6.479	left	42	-5.232	-1	529	0	303	1215	1744	1578	0	350	2747		517.151
133	187	iid	right	1.988	5.494	right	30	5.674	1	231	0	304	1320	1551	1570	1	250	2552		519.91
134	191	iid	right	2.078	6.196	right	38	11.804	1	1066	0	303	1241	2307	1569	0	317	3309		522.476
135	85	iid	left	-1.907	4.917	right	24	2.755	1	329	0	303	1365	1694	1575	0	200	2696		525.799
136	161	iid	right	1.454	3.202	right	10	2.972	1	272	0	304	1501	1773	1596	0	83	2775		528.51
137	36	iid	left	-1.917	5.864	left	35	-11.991	1	225	1	304	1278	1503	1570	1	292	2506		531.301
138	190	iid	right	2.137	6.102	right	37	2.857	1	1378	0	303	1254	2632	1574	0	308	3633		533.819
139	61	iid	left	-0.973	3.878	right	15	2.704	1	71	0	303	1440	1511	1565	1	125	2514		537.467
140	22	iid	left	-1.158	4.684	left	22	-3.138	1	327	0	305	1392	1719	1587	0	183	2722		539.994
141	141	iid	right	1.575	6.045	left	37	-3.812	1	3319	0	303	1255	4574	1575	0	308	5576		542.731
142	101	iid	right	0.806	2.319	left	5	-3.749	1	445	1	304	1528	1973	1583	0	42	2975		548.325
143	33	iid	left	-2.547	5.207	left	27	-4.706	-1	725	0	303	1349	2074	1586	0	225	3077		551.314
144	11	iid	left	-1.454	3.202	left	10	-2.972	-1	246	0	302	1486	1732	1580	0	83	2735		554.403
145	194	iid	right	1.816	6.152	right	38	4.335	-1	692	0	304	1254	1946	1585	0	317	2947		557.153
146	159	iid	right	1.71	2.788	right	8	5.391	1	517	0	303	1511	2028	1590	0	67	3029		560.115
147	6	iid	left	-2.375	2.81	left	8	-5.006	-1	243	0	303	1516	1759	1595	0	67	2761		563.159
148	27	iid	left	-2.389	4.145	left	17	-3.429	-1	430	0	303	1436	1866	1589	0	142	2868		565.934
149	120	iid	right	1.926	4.487	left	20	-4.387	1	429	0	304	1407	1836	1586	0	167	2838		568.816
150	114	rdw	right	1.583	3.228	left	10	-4.674	-1	770	0	303	1484	2254	1579	0	83	3256		571.667
151	173	rdw	right	2.217	4.012	right	16	3.328	1	229	0	304	1437	1666	1580	0	133	2668		576.555
152	5	rdw	left	-2.123	2.129	left	5	-3.169	-1	484	0	304	1533	2017	1588	0	42	3019		579.239
153	126	rdw	right	1.794	4.732	left	22	-6.096	-1	485	0	304	1391	1876	1587	0	183	2877		582.273
154	117	rdw	right	1.011	3.712	left	14	-2.576	1	892	0	303	1446	2339	1575	0	117	3341		585.165
155	73	rdw	left	-2.056	4.699	right	22	3.118	1	792	0	304	1395	2187	1588	0	183	3189		588.521
156	140	rdw	right	2.17	6.546	left	43	-2.644	1	694	0	304	1207	1901	1575	0	358	2904		591.724
157	98	rdw	left	-0.971	6.212	right	39	8.275	1	656	0	304	1245	1901	1582	0	325	2904		594.643
158	172	rdw	right	1.158	4.684	right	22	3.138	1	525	0	304	1383	1908	1579	0	183	2911		597.563
159	96	rdw	left	-1.995	6.028	right	36	3.041	1	387	0	303	1274	1661	1585	0	300	2663		600.489
160	169	rdw	right	1.394	3.481	right	12	5.649	1	229	0	302	1465	1694	1576	0	100	2696		603.166
161	97	rdw	left	-1.346	6.31	right	40	3.058	1	3796	1	304	1254	5050	1598	0	333	6052		605.879
162	31	rdw	left	-2.689	5.667	left	33	-13.897	1	142	0	303	1299	1441	1574	1	275	2444		611.944
163	12	rdw	left	-1.311	3.437	left	12	-3.281	-1	530	1	303	1479	2009	1590	0	100	3010		614.403
164	35	rdw	left	-2.32	5.071	left	26	-7.877	-1	389	0	302	1355	1744	1585	0	217	2746		617.426
165	119	rdw	right	2.377	3.329	left	11	-2.683	-1	672	0	303	1483	2155	1589	0	92	3158		620.184
166	42	rdw	left	-1.954	6.647	left	44	-13.663	-1	439	0	304	1195	1634	1572	0	367	2635		623.357
167	189	rdw	right	2.719	5.571	right	31	10.583	1	685	0	303	1318	2003	1587	0	258	3005		626.007
168	90	rdw	left	-2.17	6.546	right	43	2.644	-1	592	0	303	1206	1798	1575	0	358	2801		629.028
169	136	rdw	right	1.405	5.417	left	29	-4.991	-1	366	0	304	1328	1694	1579	0	242	2696		631.844
170	51	rdw	left	-0.806	2.319	right	5	3.749	1	514	0	303	1531	2045	1585	0	42	3047		634.554
171	127	rdw	right	1.239	4.403	left	19	-7.711	-1	537	0	303	1406	1943	1575	0	158	2944		637.616
172	162	rdw	right	1.311	3.437	right	12	3.281	1	267	0	304	1465	1732	1577	0	100	2735		640.575
173	41	rdw	left	-2.078	6.196	left	38	-11.804	-1	625	0	304	1252	1877	1579	0	317	2880		643.326
174	118	rdw	right	1.071	3.23	left	10	-4.659	-1	654	0	303	1476	2130	1571	0	83	3131		646.221
175	113	rdw	right	1.892	3.745	left	14	-4.613	-1	832	0	304	1466	2298	1595	0	117	3301		649.367
176	26	rdw	left	-1.929	4.66	left	22	-8.105	-1	486	0	303	1397	1883	1591	0	183	2885		652.682
177	139	rdw	right	0.999	5.404	left	30	-9.09	-1	451	0	303	1325	1776	1585	0	250	2778		655.582
178	100	rdw	right	2.251	2.722	left	8	-3.383	-1	531	0	303	1501	2032	1580	0	67	3034		658.376
179	111	rdw	right	0.973	3.878	left	15	-2.704	-1	339	0	304	1465	1804	1602	0	125	2805		661.426
180	2	rdw	left	-2.413	2.537	left	6	-6.728	-1	259	0	303	1526	1785	1587	0	50	2787		664.247
181	77	rdw	left	-1.239	4.403	right	19	7.711	1	602	0	306	1401	2003	1571	0	158	3004		667.051
182	46	rdw	left	-1.185	6.479	left	42	-5.232	-1	1355	0	303	1217	2572	1578	0	350	3575		670.072
183	187	rdw	right	1.988	5.494	right	30	5.674	1	462	0	303	1323	1785	1584	0	250	2788		673.662
184	191	rdw	right	2.078	6.196	right	38	11.804	1	588	0	304	1261	1849	1590	0	317	2852		676.465
185	85	rdw	left	-1.907	4.917	right	24	2.755	1	830	0	304	1365	2195	1576	0	200	3198		679.332
186	161	rdw	right	1.454	3.202	right	10	2.972	1	433	0	304	1484	1917	1579	0	83	2918		682.544
187	36	rdw	left	-1.917	5.864	left	35	-11.991	-1	438	0	304	1278	1716	1582	0	292	2719		685.478
188	190	rdw	right	2.137	6.102	right	37	2.857	-1	1197	0	303	1269	2466	1589	0	308	3468		688.213
189	61	rdw	left	-0.973	3.878	right	15	2.704	1	326	0	303	1427	1753	1562	0	125	2755		691.697
190	22	rdw	left	-1.158	4.684	left	22	-3.138	-1	507	0	303	1381	1888	1574	0	183	2890		694.467
191	141	rdw	right	1.575	6.045	left	37	-3.812	-1	629	0	305	1251	1880	1569	0	308	2882		697.373
192	101	rdw	right	0.806	2.319	left	5	-3.749	1	3091	0	302	1530	4621	1583	0	42	5622		700.27
193	33	rdw	left	-2.547	5.207	left	27	-4.706	-1	686	0	303	1346	2032	1582	0	225	3034		705.906
194	11	rdw	left	-1.454	3.202	left	10	-2.972	-1	294	1	305	1478	1772	1573	0	83	2774		708.956
195	194	rdw	right	1.816	6.152	right	38	4.335	-1	1431	0	304	1247	2678	1575	0	317	3680		711.743
196	159	rdw	right	1.71	2.788	right	8	5.391	1	640	0	304	1502	2142	1579	0	67	3144		715.44
197	6	rdw	left	-2.375	2.81	left	8	-5.006	-1	488	0	303	1508	1996	1588	0	67	2998		718.602
198	27	rdw	left	-2.389	4.145	left	17	-3.429	-1	515	0	303	1414	1929	1568	0	142	2932		721.615
199	120	rdw	right	1.926	4.487	left	20	-4.387	-1	509	0	304	1392	1901	1570	0	167	2902		724.564
200	4	iid	left	-2.051	2.291	left	5	-3.295	-1	974	0	303	1523	2497	1576	0	42	3499		727.482
201	32	iid	left	-2.179	5.057	left	26	-5.865	-1	932	1	304	1356	2288	1586	0	217	3290		732.644
202	142	iid	right	1.12	6.035	left	36	-5.179	-1	493	0	303	1267	1760	1579	0	300	2762		735.95
203	145	iid	right	1.969	6.295	left	40	-10.722	-1	1096	0	304	1232	2328	1577	0	333	3331		738.728
204	109	iid	right	1.193	2.511	left	6	-2.767	-1	641	1	305	1511	2152	1572	0	50	3154		742.073
205	144	iid	right	1.676	6.092	left	37	-6.022	-1	732	0	303	1251	1983	1571	0	308	2984		745.242
206	10	iid	left	-1.646	3.03	left	9	-6.579	-1	550	0	302	1479	2029	1566	0	75	3032		748.237
207	62	iid	left	-1.05	3.553	right	13	3.169	-1	373	0	303	1455	1828	1574	0	108	2830		751.284
208	112	iid	right	1.05	3.553	left	13	-3.169	1	1763	0	304	1447	3210	1569	0	108	4211		754.132
209	146	iid	right	1.995	6.028	left	36	-3.041	-1	1774	0	303	1256	3030	1569	0	300	4032		758.361
210	166	iid	right	1.331	3.134	right	10	7.001	1	495	0	303	1492	1987	1587	0	83	2988		762.409
211	0	iid	left	-1.672	2.125	left	5	-3.182	1	1141	0	304	1529	2670	1583	0	42	3671		765.414
212	198	iid	right	2.101	6.227	right	39	4.733	1	712	0	304	1240	1952	1575	0	325	2956		769.103
213	153	iid	right	1.229	2.32	right	5	4.069	1	1070	1	303	1523	2593	1577	0	42	3595		772.075
214	70	iid	left	-1.926	4.487	right	20	4.387	1	1869	0	303	1415	3284	1594	0	167	4286		775.684
215	123	iid	right	2.056	4.699	left	22	-3.118	1	437	0	304	1383	1820	1577	0	183	2822		779.987
216	64	iid	left	-1.583	3.228	right	10	4.674	1	655	0	304	1484	2139	1578	0	83	3140		782.825
217	44	iid	left	-1.816	6.152	left	38	-4.335	1	927	0	303	1242	2169	1569	0	317	3170		785.982
218	163	iid	right	1.629	3.238	right	11	7.675	1	490	0	304	1462	1952	1566	0	92	2954		789.168
219	28	iid	left	-1.983	4.508	left	20	-4.197	1	1507	0	303	1385	2892	1563	0	167	3895		792.141
220	40	iid	left	-2.137	6.102	left	37	-2.857	1	355	0	303	1249	1604	1567	0	308	2606		796.052
221	108	iid	right	2.027	2.567	left	7	-4.044	1	362	0	303	1516	1878	1584	0	58	2880		798.675
222	155	iid	right	2.123	2.129	right	5	3.169	1	2448	1	303	1512	3960	1565	0	42	4962		801.573
223	156	iid	right	2.375	2.81	right	8	5.006	1	1712	0	303	1496	3208	1574	0	67	4209		806.552
224	25	iid	left	-1.971	4.243	left	18	-3.981	-1	441	0	304	1413	1854	1575	0	150	2855		810.777
225	23	iid	left	-2.217	4.012	left	16	-3.328	-1	433	0	304	1422	1855	1565	0	133	2856		813.649
226	184	iid	right	2.325	5.238	right	27	4.616	-1	454	0	301	1333	1787	1570	0	225	2789		816.518
227	147	iid	right	1.346	6.31	left	40	-3.058	-1	586	0	304	1234	1820	1579	0	333	2823		819.324
228	81	iid	left	-1.773	5.602	right	31	12.73	-1	525	0	302	1299	1824	1569	0	258	2827		822.163
229	39	iid	left	-2.719	5.571	left	31	-10.583	-1	455	0	302	1292	1747	1561	0	258	2749		825.002
230	168	iid	right	1.853	3.209	right	10	4.809	1	697	0	303	1470	2167	1564	0	83	3169		827.766
231	47	iid	left	-2.158	6.978	left	49	-5.806	-1	720	0	303	1151	1871	1569	0	408	2872		830.949
232	94	iid	left	-1.676	6.092	right	37	6.022	-1	550	0	304	1260	1810	1580	0	308	2813		833.833
233	154	iid	right	2.051	2.291	right	5	3.295	1	65	0	302	1529	1594	1582	0	42	2596		836.658
234	43	iid	left	-1.762	6.619	left	43	-11.962	-1	857	1	304	1206	2063	1575	0	358	3065		839.268
235	138	iid	right	1.027	5.533	left	31	-3.742	1	794	0	303	1304	2098	1575	0	258	3101		842.348
236	3	iid	left	-1.229	2.32	left	5	-4.069	1	293	0	303	1522	1815	1575	0	42	2817		845.462
237	105	iid	right	1.076	2.085	left	4	-4.474	1	428	0	303	1536	1964	1580	0	33	2965		848.296
238	53	iid	left	-0.961	2.657	right	7	2.843	1	294	0	304	1507	1801	1579	0	58	2804		851.28
239	133	iid	right	1.014	5.344	left	29	-3.279	1	1011	0	305	1324	2335	1577	0	242	3337		854.101
240	180	iid	right	1.432	5.195	right	27	7.161	1	503	1	304	1345	1848	1582	0	225	2849		857.454
241	178	iid	right	1.983	4.508	right	20	4.197	1	724	1	304	1411	2135	1589	0	167	3137		860.319
242	185	iid	right	2.32	5.071	right	26	7.877	1	90	1	303	1343	1433	1560	1	217	2435		863.47
243	49	iid	left	-1.82	6.317	left	40	-5.053	1	879	0	302	1216	2095	1559	0	333	3096		865.922
244	80	iid	left	-1.134	4.973	right	25	3.726	-1	601	0	304	1351	1952	1569	0	208	2954		869.035
245	34	iid	left	-2.325	5.238	left	27	-4.616	-1	410	0	303	1346	1756	1582	0	225	2757		872.006
246	7	iid	left	-2.172	2.398	left	6	-6.377	-1	6257	1	304	1508	7765	1569	0	50	8767		874.78
247	110	iid	right	0.889	3.379	left	11	-3.456	1	408	0	303	1468	1876	1572	0	92	2877		883.56
248	91	iid	left	-1.575	6.045	right	37	3.812	1	989	0	303	1251	2240	1571	0	308	3242		886.454
249	83	iid	left	-1.014	5.344	right	29	3.279	-1	1486	0	303	1324	2810	1577	0	242	3812		889.709
250	4	rdw	left	-2.051	2.291	left	5	-3.295	-1	668	0	302	1548	2216	1602	0	42	3219		893.534
251	32	rdw	left	-2.179	5.057	left	26	-5.865	1	1418	0	303	1350	2768	1579	0	217	3771		974.191
252	142	rdw	right	1.12	6.035	left	36	-5.179	-1	435	0	303	1298	1733	1609	0	300	2735		977.972
253	145	rdw	right	1.969	6.295	left	40	-10.722	-1	521	0	303	1234	1755	1578	0	333	2757		980.718
254	109	rdw	right	1.193	2.511	left	6	-2.767	-1	584	0	303	1537	2121	1598	0	50	3123		983.486
255	144	rdw	right	1.676	6.092	left	37	-6.022	-1	1913	0	303	1251	3164	1570	0	308	4166		986.62
256	10	rdw	left	-1.646	3.03	left	9	-6.579	-1	812	0	302	1505	2317	1591	0	75	3320		990.797
257	62	rdw	left	-1.05	3.553	right	13	3.169	1	544	0	302	1478	2022	1596	0	108	3024		994.127
258	112	rdw	right	1.05	3.553	left	13	-3.169	-1	1080	0	303	1469	2549	1589	0	108	3551		997.162
259	146	rdw	right	1.995	6.028	left	36	-3.041	1	795	0	303	1276	2071	1585	0	300	3073		1000.724
260	166	rdw	right	1.331	3.134	right	10	7.001	1	522	0	302	1484	2006	1579	0	83	3007		1003.808
261	0	rdw	left	-1.672	2.125	left	5	-3.182	-1	758	0	304	1540	2298	1593	0	42	3300		1006.83
262	198	rdw	right	2.101	6.227	right	39	4.733	-1	820	0	303	1248	2068	1584	0	325	3070		1010.142
263	153	rdw	right	1.229	2.32	right	5	4.069	1	492	0	303	1538	2030	1591	0	42	3033		1013.222
264	70	rdw	left	-1.926	4.487	right	20	4.387	1	682	0	303	1422	2104	1601	0	167	3106		1016.271
265	123	rdw	right	2.056	4.699	left	22	-3.118	-1	608	0	303	1411	2019	1605	0	183	3021		1019.391
266	64	rdw	left	-1.583	3.228	right	10	4.674	1	523	1	304	1501	2024	1594	0	83	3026		1022.428
267	44	rdw	left	-1.816	6.152	left	38	-4.335	1	790	1	303	1254	2044	1583	0	317	3046		1025.47
268	163	rdw	right	1.629	3.238	right	11	7.675	1	271	0	304	1480	1751	1584	0	92	2753		1028.524
269	28	rdw	left	-1.983	4.508	left	20	-4.197	-1	546	0	303	1404	1950	1583	0	167	2952		1031.286
270	40	rdw	left	-2.137	6.102	left	37	-2.857	1	484	0	303	1269	1753	1589	0	308	2755		1034.252
271	108	rdw	right	2.027	2.567	left	7	-4.044	-1	568	0	303	1524	2092	1592	0	58	3094		1037.02
272	155	rdw	right	2.123	2.129	right	5	3.169	1	499	0	303	1532	2031	1587	0	42	3033		1040.125
273	156	rdw	right	2.375	2.81	right	8	5.006	1	541	0	302	1511	2052	1590	0	67	3054		1043.167
274	25	rdw	left	-1.971	4.243	left	18	-3.981	-1	661	0	301	1428	2089	1589	0	150	3091		1046.232
275	23	rdw	left	-2.217	4.012	left	16	-3.328	-1	452	0	303	1435	1887	1579	0	133	2889		1049.335
276	184	rdw	right	2.325	5.238	right	27	4.616	1	626	0	302	1344	1970	1582	0	225	2972		1052.232
277	147	rdw	right	1.346	6.31	left	40	-3.058	1	1563	0	303	1248	2811	1591	0	333	3812		1055.213
278	81	rdw	left	-1.773	5.602	right	31	12.73	1	376	0	303	1319	1695	1588	0	258	2697		1059.035
279	39	rdw	left	-2.719	5.571	left	31	-10.583	-1	413	0	303	1317	1730	1586	0	258	2732		1061.745
280	168	rdw	right	1.853	3.209	right	10	4.809	1	222	0	304	1495	1717	1589	0	83	2720		1064.491
281	47	rdw	left	-2.158	6.978	left	49	-5.806	1	674	0	301	1146	1820	1565	0	408	2822		1067.221
282	94	rdw	left	-1.676	6.092	right	37	6.022	1	381	0	304	1241	1622	1560	0	308	2624		1070.061
283	154	rdw	right	2.051	2.291	right	5	3.295	1	115	0	303	1515	1630	1569	0	42	2633		1072.698
284	43	rdw	left	-1.762	6.619	left	43	-11.962	-1	533	0	303	1203	1736	1574	0	358	2738		1075.352
285	138	rdw	right	1.027	5.533	left	31	-3.742	-1	982	0	303	1296	2278	1564	0	258	3280		1078.1
286	3	rdw	left	-1.229	2.32	left	5	-4.069	-1	393	0	304	1520	1913	1575	0	42	2915		1081.397
287	105	rdw	right	1.076	2.085	left	4	-4.474	-1	675	0	303	1522	2197	1567	0	33	3198		1084.335
288	53	rdw	left	-0.961	2.657	right	7	2.843	1	427	0	303	1505	1932	1575	0	58	2934		1087.55
289	133	rdw	right	1.014	5.344	left	29	-3.279	1	2456	0	302	1303	3759	1557	0	242	4762		1090.498
290	180	rdw	right	1.432	5.195	right	27	7.161	1	844	0	304	1328	2172	1564	0	225	3174		1095.276
291	178	rdw	right	1.983	4.508	right	20	4.197	1	543	0	303	1388	1931	1567	0	167	2932		1098.468
292	185	rdw	right	2.32	5.071	right	26	7.877	1	563	0	304	1338	1901	1569	0	217	2903		1101.42
293	49	rdw	left	-1.82	6.317	left	40	-5.053	1	1270	0	303	1235	2505	1579	0	333	3507		1104.343
294	80	rdw	left	-1.134	4.973	right	25	3.726	1	696	0	303	1346	2042	1567	0	208	3044		1107.865
295	34	rdw	left	-2.325	5.238	left	27	-4.616	-1	660	0	303	1344	2004	1581	0	225	3006		1110.927
296	7	rdw	left	-2.172	2.398	left	6	-6.377	-1	469	1	303	1503	1972	1563	0	50	2974		1113.951
297	110	rdw	right	0.889	3.379	left	11	-3.456	-1	614	0	303	1466	2080	1570	0	92	3082		1116.942
298	91	rdw	left	-1.575	6.045	right	37	3.812	1	613	0	303	1251	1864	1571	0	308	2866		1120.043
299	83	rdw	left	-1.014	5.344	right	29	3.279	1	304	1	304	1334	1638	1588	0	242	2640		1122.926
300	176	iid	right	1.929	4.66	right	22	8.105	1	1405	0	302	1368	2773	1564	0	183	3776		1125.582
301	181	iid	right	2.689	5.667	right	33	13.897	1	540	0	304	1291	1831	1578	0	275	2833		1133.286
302	89	iid	left	-0.999	5.404	right	30	9.09	-1	1264	1	304	1325	2589	1587	0	250	3591		1136.137
303	8	iid	left	-1.147	2.092	left	4	-3.873	-1	484	0	303	1523	2007	1566	0	33	3008		1139.743
304	13	iid	left	-1.629	3.238	left	11	-7.675	-1	655	0	302	1469	2124	1571	0	92	3127		1142.766
305	59	iid	left	-1.193	2.511	right	6	2.767	-1	919	0	303	1516	2435	1578	0	50	3437		1145.913
306	171	iid	right	2.081	4.839	right	24	11.931	-1	854	0	304	1359	2213	1570	0	200	3215		1149.368
307	131	iid	right	1.773	5.602	left	31	-12.73	1	496	0	303	1312	1808	1581	0	258	2811		1152.595
308	17	iid	left	-2.376	3.95	left	16	-7.381	-1	675	0	303	1420	2095	1564	0	133	3097		1155.424
309	72	iid	left	-1.283	4.911	right	24	3.587	-1	1371	0	304	1358	2729	1569	0	200	3731		1158.536
310	175	iid	right	1.971	4.243	right	18	3.981	1	585	0	303	1409	1994	1571	0	150	2996		1162.285
311	134	iid	right	1.581	5.468	left	30	-3.437	1	694	0	304	1328	2022	1589	0	250	3024		1165.299
312	167	iid	right	2.376	3.95	right	16	7.381	1	746	0	303	1445	2191	1591	0	133	3193		1168.342
313	183	iid	right	2.547	5.207	right	27	4.706	1	539	0	302	1352	1891	1588	0	225	2893		1171.552
314	63	iid	left	-1.892	3.745	right	14	4.613	-1	219	1	304	1451	1670	1577	0	117	2672		1174.462
315	54	iid	left	-1.113	2.948	right	9	2.555	-1	235	0	303	1508	1743	1594	0	75	2746		1177.152
316	107	iid	right	2.189	2.964	left	9	-2.592	-1	802	0	303	1490	2292	1577	0	75	3294		1179.916
317	50	iid	left	-2.251	2.722	right	8	3.383	-1	142	0	304	1508	1650	1587	0	67	2652		1183.231
318	196	iid	right	1.185	6.479	right	42	5.232	-1	376	0	303	1213	1589	1574	0	350	2591		1185.897
319	58	iid	left	-2.027	2.567	right	7	4.044	-1	244	0	303	1506	1750	1575	0	58	2753		1188.505
320	48	iid	left	-2.101	6.227	left	39	-4.733	-1	304	0	302	1240	1544	1565	1	325	2548		1191.27
321	88	iid	left	-1.027	5.533	right	31	3.742	-1	1070	0	304	1314	2384	1584	0	258	3386		1193.835
322	21	iid	left	-2.081	4.839	left	24	-11.931	-1	64	1	303	1367	1431	1567	1	200	2433		1197.238
323	57	iid	left	-2.189	2.964	right	9	2.592	-1	3783	1	303	1496	5279	1582	0	75	6281		1199.684
324	160	iid	right	1.646	3.03	right	9	6.579	1	2891	0	304	1487	4378	1574	0	75	5381		1205.986
325	192	iid	right	1.954	6.647	right	44	13.663	1	627	0	304	1183	1810	1562	0	367	2812		1211.385
326	129	iid	right	2.149	4.637	left	22	-6.019	1	668	0	304	1372	2040	1568	0	183	3042		1214.215
327	37	iid	left	-1.988	5.494	left	30	-5.674	-1	486	0	304	1317	1803	1579	0	250	2805		1217.275
328	157	iid	right	2.172	2.398	right	6	6.377	1	116	0	302	1513	1629	1576	0	50	2631		1220.096
329	193	iid	right	1.762	6.619	right	43	11.962	1	562	0	304	1198	1760	1567	0	358	2761		1222.743
330	1	iid	left	-1.432	2.804	left	8	-3.469	-1	245	0	303	1497	1742	1577	0	67	2744		1225.524
331	52	iid	left	-1.512	2.3	right	5	5.012	-1	164	0	303	1532	1696	1585	0	42	2698		1228.279
332	149	iid	right	1.186	6.295	left	40	-3.668	-1	1059	0	303	1227	2286	1571	0	333	3287		1230.995
333	130	iid	right	1.134	4.973	left	25	-3.726	1	379	0	302	1341	1720	1561	0	208	2721		1234.298
334	151	iid	right	1.432	2.804	right	8	3.469	1	250	0	303	1499	1749	1576	0	67	2751		1237.04
335	103	iid	right	0.961	2.657	left	7	-2.843	1	145	1	303	1503	1648	1572	0	58	2650		1239.811
336	99	iid	left	-1.186	6.295	right	40	3.668	-1	3357	0	303	1239	4596	1584	0	333	5598		1242.481
337	116	iid	right	2.091	3.596	left	13	-5.348	1	32692	0	304	1468	34160	1586	0	108	35163		1248.097
338	87	iid	left	-1.078	5.502	right	30	5.305	-1	789	0	303	1308	2097	1570	0	250	3099		1283.28
339	74	iid	left	-1.906	4.326	right	19	4.242	-1	327	0	304	1401	1728	1570	0	158	2730		1286.397
340	121	iid	right	1.764	4.73	left	22	-2.728	1	297	0	304	1396	1693	1589	0	183	2695		1289.144
341	199	iid	right	1.82	6.317	right	40	5.053	1	982	0	303	1228	2210	1570	0	333	3212		1291.857
342	20	iid	left	-2.263	4.205	left	18	-3.056	-1	3242	0	303	1404	4646	1566	0	150	5649		1295.087
343	188	iid	right	2.822	5.379	right	29	8.417	1	68	0	303	1329	1397	1571	1	242	2400		1300.755
344	71	iid	left	-1.764	4.73	right	22	2.728	1	840	0	304	1375	2215	1570	0	183	3217		1303.175
345	106	iid	right	0.974	2.955	left	9	-5.179	1	140	0	302	1487	1628	1575	0	75	2631		1306.41
346	14	iid	left	-2.465	3.163	left	10	-5.991	-1	1496	0	303	1487	2983	1581	0	83	3986		1309.061
347	92	iid	left	-1.12	6.035	right	36	5.179	-1	1572	1	303	1272	2844	1584	0	300	3848		1313.067
348	179	iid	right	1.621	4.376	right	19	14.001	1	732	0	302	1406	2138	1575	0	158	3141		1316.931
349	102	iid	right	1.512	2.3	left	5	-5.012	1	585	0	303	1527	2112	1580	0	42	3114		1320.093
350	176	rdw	right	1.929	4.66	right	22	8.105	1	720	0	303	1386	2106	1580	0	183	3109		1323.225
351	181	rdw	right	2.689	5.667	right	33	13.897	1	306	0	301	1290	1596	1574	0	275	2599		1377.478
352	89	rdw	left	-0.999	5.404	right	30	9.09	1	208	0	304	1322	1530	1572	1	250	2532		1380.095
353	8	rdw	left	-1.147	2.092	left	4	-3.873	-1	296	1	303	1539	1835	1582	0	33	2837		1382.642
354	13	rdw	left	-1.629	3.238	left	11	-7.675	-1	308	0	304	1490	1798	1594	0	92	2800		1385.495
355	59	rdw	left	-1.193	2.511	right	6	2.767	1	361	0	305	1532	1893	1593	0	50	2895		1388.313
356	171	rdw	right	2.081	4.839	right	24	11.931	1	363	0	303	1376	1739	1586	0	200	2741		1391.227
357	131	rdw	right	1.773	5.602	left	31	-12.73	-1	360	0	302	1295	1655	1565	0	258	2657		1393.979
358	17	rdw	left	-2.376	3.95	left	16	-7.381	-1	323	0	303	1437	1760	1583	0	133	2762		1396.651
359	72	rdw	left	-1.283	4.911	right	24	3.587	1	216	0	304	1371	1587	1581	0	200	2589		1399.434
360	175	rdw	right	1.971	4.243	right	18	3.981	1	291	0	304	1421	1712	1582	0	150	2714		1402.044
361	134	rdw	right	1.581	5.468	left	30	-3.437	-1	518	1	303	1323	1841	1583	0	250	2843		1404.774
362	167	rdw	right	2.376	3.95	right	16	7.381	1	392	1	304	1432	1824	1578	0	133	2826		1407.633
363	183	rdw	right	2.547	5.207	right	27	4.706	1	326	0	304	1348	1674	1585	0	225	2677		1410.472
364	63	rdw	left	-1.892	3.745	right	14	4.613	1	298	0	303	1474	1772	1602	0	117	2774		1413.167
365	54	rdw	left	-1.113	2.948	right	9	2.555	1	798	0	303	1495	2293	1581	0	75	3295		1415.963
366	107	rdw	right	2.189	2.964	left	9	-2.592	-1	957	0	303	1499	2456	1587	0	75	3457		1419.277
367	50	rdw	left	-2.251	2.722	right	8	3.383	1	580	0	302	1497	2077	1576	0	67	3079		1422.748
368	196	rdw	right	1.185	6.479	right	42	5.232	-1	1151	0	304	1221	2372	1585	0	350	3374		1425.846
369	58	rdw	left	-2.027	2.567	right	7	4.044	1	349	0	301	1509	1858	1578	0	58	2860		1429.235
370	48	rdw	left	-2.101	6.227	left	39	-4.733	1	791	0	303	1239	2030	1575	0	325	3033		1432.117
371	88	rdw	left	-1.027	5.533	right	31	3.742	1	590	0	303	1314	1904	1584	0	258	2907		1435.169
372	21	rdw	left	-2.081	4.839	left	24	-11.931	-1	480	1	304	1380	1860	1591	0	200	2862		1438.096
373	57	rdw	left	-2.189	2.964	right	9	2.592	-1	2145	0	302	1500	3645	1587	0	75	4647		1440.973
374	160	rdw	right	1.646	3.03	right	9	6.579	1	486	0	303	1495	1981	1580	0	75	2985		1445.64
375	192	rdw	right	1.954	6.647	right	44	13.663	1	1939	0	303	1202	3141	1580	0	367	4143		1448.643
376	129	rdw	right	2.149	4.637	left	22	-6.019	-1	360	0	303	1380	1740	1574	0	183	2741		1452.803
377	37	rdw	left	-1.988	5.494	left	30	-5.674	-1	511	0	303	1319	1830	1580	0	250	2833		1455.565
378	157	rdw	right	2.172	2.398	right	6	6.377	1	401	0	304	1521	1922	1582	0	50	2924		1458.418
379	193	rdw	right	1.762	6.619	right	43	11.962	1	586	0	303	1214	1800	1584	0	358	2802		1461.362
380	1	rdw	left	-1.432	2.804	left	8	-3.469	-1	550	0	301	1513	2063	1592	0	67	3064		1464.179
381	52	rdw	left	-1.512	2.3	right	5	5.012	1	376	0	304	1526	1902	1579	0	42	2904		1467.264
382	149	rdw	right	1.186	6.295	left	40	-3.668	-1	1094	1	304	1234	2328	1579	0	333	3330		1470.187
383	130	rdw	right	1.134	4.973	left	25	-3.726	1	1779	0	303	1371	3150	1591	0	208	4151		1473.538
384	151	rdw	right	1.432	2.804	right	8	3.469	1	463	0	303	1501	1964	1578	0	67	2965		1477.706
385	103	rdw	right	0.961	2.657	left	7	-2.843	-1	450	0	302	1515	1965	1584	0	58	2967		1480.691
386	99	rdw	left	-1.186	6.295	right	40	3.668	1	1031	0	304	1233	2264	1578	0	333	3267		1483.676
387	116	rdw	right	2.091	3.596	left	13	-5.348	1	558	0	304	1470	2028	1589	0	108	3031		1486.96
388	87	rdw	left	-1.078	5.502	right	30	5.305	1	630	0	303	1313	1943	1575	0	250	2946		1490.013
389	74	rdw	left	-1.906	4.326	right	19	4.242	1	375	0	303	1422	1797	1592	0	158	2799		1492.979
390	121	rdw	right	1.764	4.73	left	22	-2.728	-1	494	0	303	1382	1876	1575	0	183	2878		1495.787
391	199	rdw	right	1.82	6.317	right	40	5.053	1	536	0	302	1241	1777	1585	0	333	2779		1498.682
392	20	rdw	left	-2.263	4.205	left	18	-3.056	-1	763	0	303	1417	2180	1578	0	150	3182		1501.483
393	188	rdw	right	2.822	5.379	right	29	8.417	1	550	0	303	1317	1867	1572	0	242	2869		1504.681
394	71	rdw	left	-1.764	4.73	right	22	2.728	1	486	0	303	1387	1873	1581	0	183	2875		1507.566
395	106	rdw	right	0.974	2.955	left	9	-5.179	-1	575	0	303	1501	2076	1588	0	75	3078		1510.459
396	14	rdw	left	-2.465	3.163	left	10	-5.991	-1	719	0	303	1477	2196	1572	0	83	3198		1513.555
397	92	rdw	left	-1.12	6.035	right	36	5.179	1	457	0	302	1256	1713	1568	0	300	2715		1516.77
398	179	rdw	right	1.621	4.376	right	19	14.001	1	477	0	303	1408	1885	1580	0	158	2887		1519.505
399	102	rdw	right	1.512	2.3	left	5	-5.012	-1	297	0	304	1521	1818	1574	0	42	2821		1522.41
